,RMSE (mean),RMSE (1.96*std),RMSE,NLPD (mean),NLPD (1.96*std),NLPD
"DNN{4,50,25,1}",4.188910961151123,0.17484905153512956,4.1889\pm0.1748,3.786151885986328,0.0040631310176104316,3.7862\pm0.0041
"VIBayesNN{4,50,25,1}",4.30672550201416,0.0,4.3067\pm0.0000,5.312366485595703,0.0,5.3124\pm0.0000
