,RMSE (mean),RMSE (1.96*std),RMSE,NLPD (mean),NLPD (1.96*std),NLPD
"DNN{5,50,25,1}",2.4185376167297363,0.3981567472219467,2.4185\pm0.3982,2.9115681648254395,0.035432239845395085,2.9116\pm0.0354
"VIBayesNN{5,50,25,1}",3.0213513374328613,0.4064515924453736,3.0214\pm0.4065,2.4513866901397705,0.2396248331665993,2.4514\pm0.2396
"VIFourAct{5,50,25,1}",2.865999221801758,0.0,2.8660\pm0.0000,2.4105563163757324,0.0,2.4106\pm0.0000
