,RMSE (mean),RMSE (1.96*std),RMSE,NLPD (mean),NLPD (1.96*std),NLPD
"DNN{5,50,25,1}",2.038621664047241,0.0,2.0386\pm0.0000,2.8959078788757324,0.0,2.8959\pm0.0000
