,ERRT (mean),ERRT (1.96*std),ERRT,AUC (mean),AUC (1.96*std),AUC
"DNN{57,50,25,2}",0.06702899187803268,0.008034370876848697,0.0670\pm0.0080,0.7359719673792521,0.011583976253664457,0.7360\pm0.0116
"VIBayesNN{57,50,25,2}",0.07934782654047012,0.0,0.0793\pm0.0000,0.7406329512596129,0.0,0.7406\pm0.0000
