,ERRT (mean),ERRT (1.96*std),ERRT,AUC (mean),AUC (1.96*std),AUC
"DNN{57,50,25,2}",0.06413042545318604,0.0,0.0641\pm0.0000,0.7437278032302856,0.0,0.7437\pm0.0000
"VIBayesNN{57,50,25,2}",0.072826087474823,0.0,0.0728\pm0.0000,0.7367956638336182,0.0,0.7368\pm0.0000
