,ERRT (mean),ERRT (1.96*std),ERRT,AUC (mean),AUC (1.96*std),AUC
"DNN{57,50,25,2}",0.06413042545318604,0.0,0.0641\pm0.0000,0.2548166513442993,0.0,0.2548\pm0.0000
