,ERRT (mean),ERRT (1.96*std),ERRT,AUC (mean),AUC (1.96*std),AUC
"DNN{57,50,25,2}",0.935869574546814,0.0,0.9359\pm0.0000,0.7095120549201965,0.0,0.7095\pm0.0000
"VIBayesNN{57,50,25,2}",0.07934782654047012,0.0,0.0793\pm0.0000,0.7406329512596129,0.0,0.7406\pm0.0000
