,ERRT (mean),ERRT (1.96*std),ERRT,AUC (mean),AUC (1.96*std),AUC
"DNN{57,50,25,2}",0.9326087236404419,0.006391209363937378,0.9326\pm0.0064,0.7094489336013794,0.0001237762116943486,0.7094\pm0.0001
"VIBayesNN{57,50,25,2}",0.07934782654047012,0.0,0.0793\pm0.0000,0.7406329512596129,0.0,0.7406\pm0.0000
