,ERRT (mean),ERRT (1.96*std),ERRT,AUC (mean),AUC (1.96*std),AUC
"DNN{23,50,25,2}",0.09934642165899277,0.017210889682173727,0.0993\pm0.0172,0.7722448954979578,0.03707587465449085,0.7722\pm0.0371
