,RMSE (mean),RMSE (1.96*std),RMSE,NLPD (mean),NLPD (1.96*std),NLPD
"DNN{13,50,25,1}",3.2309691905975337,1.076656184196472,3.2310\pm1.0767,-2.2121147632598883,0.056901597150231215,-2.2121\pm0.0569
"VIBayesNN{13,50,25,1}",4.0520286560058585,0.9075569283962248,4.0520\pm0.9076,-1.7286432266235352,0.15444998081900338,-1.7286\pm0.1544
"VIFourAct{13,50,25,1}",4.162507057189941,0.8135699641704559,4.1625\pm0.8136,-1.7476856231689453,0.2349457998640308,-1.7477\pm0.2349
"MCDropout{13,50,25,1}",3.222965955734253,1.0308920526504517,3.2230\pm1.0309,2.7393360137939453,0.4178022027015686,2.7393\pm0.4178
"MCFourAct{13,50,25,1}",3.4535763263702393,1.1651326251029968,3.4536\pm1.1651,2.6319963932037354,0.2190509247779846,2.6320\pm0.2191
