,RMSE (mean),RMSE (1.96*std),RMSE,NLPD (mean),NLPD (1.96*std),NLPD
"DNN{13,50,25,1}",3.230969190597534,1.076656184196472,3.2310\pm1.0767,-2.2121148109436035,0.056901597150231215,-2.2121\pm0.0569
"VIBayesNN{13,50,25,1}",4.052028656005859,0.9075569283962248,4.0520\pm0.9076,-1.7286431789398193,0.15444998081900338,-1.7286\pm0.1544
"VIFourAct{13,50,25,1}",4.162507057189941,0.8135699641704559,4.1625\pm0.8136,-1.7476856708526611,0.2349457998640308,-1.7477\pm0.2349
"MCDropout{13,50,25,1}",2.9249300956726074,0.5193288254737853,2.9249\pm0.5193,2.7174746990203857,0.3700419974327087,2.7175\pm0.3700
"MCFourAct{13,50,25,1}",3.4535763263702393,1.1651326251029968,3.4536\pm1.1651,2.6319963932037354,0.2190509247779846,2.6320\pm0.2191
"MCDropout{13,100,50,25,1}",3.1923773288726807,1.2874214053153992,3.1924\pm1.2874,2.7630529403686523,0.533963623046875,2.7631\pm0.5340
"MCFourAct{13,100,50,25,1}",3.38543701171875,1.35318284034729,3.3854\pm1.3532,2.7778804302215576,0.31686087369918825,2.7779\pm0.3169
