,RMSE (mean),RMSE (1.96*std),RMSE,NLPD (mean),NLPD (1.96*std),NLPD
"DNN{13,50,25,1}",3.5147266387939453,1.5372488522529602,3.5147\pm1.5372,3.2135677337646484,0.05985016874969005,3.2136\pm0.0599
"VIBayesNN{13,50,25,1}",4.152921199798584,0.770847315788269,4.1529\pm0.7708,2.7169101238250732,0.19179924964904785,2.7169\pm0.1918
"VIFourAct{13,50,25,1}",4.408733367919922,0.5335724925994872,4.4087\pm0.5336,2.781226396560669,0.3034933948516846,2.7812\pm0.3035
