,RMSE (mean),RMSE (1.96*std),RMSE,NLPD (mean),NLPD (1.96*std),NLPD
"MCSSA{13,50,25,1}",3.2964935302734375,1.0639136028289795,3.2965\pm1.0639,2.754863977432251,0.35948565185070036,2.7549\pm0.3595
