,RMSE (mean),RMSE (1.96*std),RMSE,NLPD (mean),NLPD (1.96*std),NLPD
"MCSSA{13,50,25,1}",3.16904616355896,1.0295066237449646,3.1690\pm1.0295,2.625741481781006,0.3132048904895782,2.6257\pm0.3132
