,RMSE (mean),RMSE (1.96*std),RMSE,NLPD (mean),NLPD (1.96*std),NLPD
"MCSSA{13,50,25,1}",3.1262950897216797,0.9372421872615814,3.1263\pm0.9372,2.6720240116119385,0.2158370515704155,2.6720\pm0.2158
