,RMSE (mean),RMSE (1.96*std),RMSE,NLPD (mean),NLPD (1.96*std),NLPD
"MCSSA{13,50,25,1}",3.513490676879883,0.0,3.5135\pm0.0000,2.8305840492248535,0.0,2.8306\pm0.0000
"VIBayesNN{13,50,25,1}",3.8269727230072017,0.5130456209182739,3.8270\pm0.5130,2.738646507263184,0.18921921104192727,2.7386\pm0.1892
