,RMSE (mean),RMSE (1.96*std),RMSE,NLPD (mean),NLPD (1.96*std),NLPD
"MCSSA{13,50,25,1}",3.16904616355896,1.0295066237449646,3.1690\pm1.0295,2.625741481781006,0.3132048904895782,2.6257\pm0.3132
"VIBayesNN{13,50,25,1}",3.826972723007202,0.5130456209182739,3.8270\pm0.5130,2.7386465072631836,0.18921921104192732,2.7386\pm0.1892
