,RMSE (mean),RMSE (1.96*std),RMSE,NLPD (mean),NLPD (1.96*std),NLPD
"DNN{8,50,25,1}",5.638138771057129,0.26259666442871094,5.6381\pm0.2626,3.7727084159851074,0.024753837585449218,3.7727\pm0.0248
